Time,"ELEVATION Z","Points:0","Points:1","Points:2","VELOCITY U","VELOCITY V","VELOCITY W"
5000,0,0,100,0,0.13964,-0,0
5000,0,500,100,0,-0.015517,0.022579,0
5000,0,10,100,0,0,0,0
5000,0,20.833,100,0,0,0,0
5000,0,32.5,100,0,0,0,0
5000,0,45,100,0,0,0,0
5000,0,58.333,100,0,0,0,0
5000,0,72.5,100,0,0,0,0
5000,0,87.5,100,0,0,0,-0
5000,0,103.33,100,0,0,0,0
5000,0,120,100,0,0,0,0
5000,0,137.5,100,0,0,0,0
5000,0,155.83,100,0,0,0,0
5000,0,175,100,0,0,0,0
5000,0,195,100,0,0,0,0
5000,0,215.83,100,0,0,0,0
5000,0,237.5,100,0,0,0,0
5000,0,260,100,0,0,0,-0
5000,0,283.33,100,0,0,0,0
5000,0,307.5,100,0,0,0,-0
5000,0,332.5,100,0,0,0,-0
5000,0,358.33,100,0,0,0,0
5000,0,385,100,0,0,0,0
5000,0,412.5,100,0,0,0,0
5000,0,440.83,100,0,0,0,-0
5000,0,470,100,0,0,0,-0
5000,0,500,0,0,-0.042757,-0.018199,-0
5000,0,500,80,0,0.17948,0.021666,0
5000,0,500,60,0,0.21218,0.024858,0
5000,0,500,40,0,0.21429,0.0063463,0
5000,0,500,20,0,0.17601,0.019502,0
5000,0,0,0,0,0.13921,-0,0
5000,0,485,0,0,0,0,0
5000,0,470.13,0,0,0,0,0
5000,0,455.38,0,0,0,0,0
5000,0,440.77,0,0,0,0,-0
5000,0,426.28,0,0,0,0,0
5000,0,411.92,0,0,0,0,0
5000,0,397.69,0,0,0,0,-0
5000,0,383.59,0,0,0,0,0
5000,0,369.62,0,0,0,0,0
5000,0,355.77,0,0,0,0,-0
5000,0,342.05,0,0,0,0,0
5000,0,328.46,0,0,0,0,0
5000,0,315,0,0,0,0,0
5000,0,301.67,0,0,0,0,0
5000,0,288.46,0,0,0,0,0
5000,0,275.38,0,0,0,0,-0
5000,0,262.44,0,0,0,0,0
5000,0,249.62,0,0,0,0,0
5000,0,236.92,0,0,0,0,-0
5000,0,224.36,0,0,0,0,0
5000,0,211.92,0,0,0,0,0
5000,0,199.62,0,0,0,0,-0
5000,0,187.44,0,0,0,0,0
5000,0,175.38,0,0,0,0,0
5000,0,163.46,0,0,0,0,0
5000,0,151.67,0,0,0,0,-0
5000,0,140,0,0,0,0,-0
5000,0,128.46,0,0,0,0,0
5000,0,117.05,0,0,0,0,-0
5000,0,105.77,0,0,0,0,0
5000,0,94.615,0,0,0,0,0
5000,0,83.59,0,0,0,0,-0
5000,0,72.692,0,0,0,0,0
5000,0,61.923,0,0,0,0,0
5000,0,51.282,0,0,0,0,-0
5000,0,40.769,0,0,0,0,0
5000,0,30.385,0,0,0,0,0
5000,0,20.128,0,0,0,0,-0
5000,0,10,0,0,0,0,-0
5000,0,0,10,0,0.13901,-0,0
5000,0,0,20,0,0.13912,-0,0
5000,0,0,30,0,0.13908,-0,0
5000,0,0,40,0,0.13909,-0,0
5000,0,0,50,0,0.13907,-0,0
5000,0,0,60,0,0.13909,-0,0
5000,0,0,70,0,0.13907,-0,0
5000,0,0,80,0,0.13909,-0,0
5000,0,0,90,0,0.13873,-0,0
5000,0,7.7841,16.119,0,0.082483,-0.012986,0
5000,0,9.7422,35.009,0,0.1207,-0.0014066,0
5000,0,9.8045,54.982,0,0.12214,-0.0080996,0
5000,0,9.4679,75.855,0,0.13184,-0.034198,0
5000,0,12.319,88.474,0,0.17748,-0.13935,0
5000,0,38.483,88.255,0,0.11738,-0.0034246,0
5000,0,65.353,85.208,0,0.15327,0.0019085,0
5000,0,96.144,84.741,0,0.16146,0.0017303,0
5000,0,129.66,83.415,0,0.17156,0.00026597,0
5000,0,166.76,81.258,0,0.17883,-0.0021496,0
5000,0,206.85,78.374,0,0.18813,-0.0009056,0
5000,0,251.55,78.734,0,0.18474,0.0013006,0
5000,0,296.2,80.2,0,0.17813,-0.00070608,0
5000,0,345.5,76.054,0,0.19477,0.0019374,0
5000,0,400.62,72.887,0,0.20576,0.0023101,0
5000,0,457.08,72.229,0,0.21197,-9.3364e-05,0
5000,0,481.99,78.147,0,0.1907,0.024727,0
5000,0,479.85,51.621,0,0.20933,0.012438,0
5000,0,463.18,16.316,0,0.16858,0.01497,0
5000,0,433.39,14.708,0,0.17871,0.012804,0
5000,0,404.43,13.94,0,0.18046,-0.0010068,0
5000,0,376.06,15.14,0,0.19056,-0.0061554,0
5000,0,349.03,13.591,0,0.1914,0.014117,0
5000,0,321.18,12.077,0,0.1803,-0.0067197,0
5000,0,294.98,12.977,0,0.18533,-0.00088006,0
5000,0,268.96,12.115,0,0.18319,0.0063895,0
5000,0,243.74,12.463,0,0.19081,0.0017425,0
5000,0,218.32,11.567,0,0.18043,-0.0049631,0
5000,0,194.09,12.794,0,0.1902,8.4941e-05,0
5000,0,168.99,12.829,0,0.19373,0.00024564,0
5000,0,145.45,11.151,0,0.18869,0.008487,0
5000,0,122.79,10.843,0,0.18903,-0.0031779,0
5000,0,99.954,11.275,0,0.19141,-0.0021786,0
5000,0,77.745,11.382,0,0.19331,0.001868,0
5000,0,55.839,10.681,0,0.18107,-0.0035077,0
5000,0,34.774,9.9976,0,0.17641,0.0060727,0
5000,0,13.274,8.3322,0,0.22335,0.089624,0
5000,0,480.72,23.911,0,0.21327,0.025142,0
5000,0,8.9936,25.039,0,0.14123,0.017969,0
5000,0,10.061,44.762,0,0.12759,-0.0057796,0
5000,0,9.0588,65.101,0,0.1283,-0.018546,0
5000,0,25.891,89.893,0,0.047203,0.097527,0
5000,0,50.829,85.819,0,0.14777,0.0050285,0
5000,0,80.554,84.928,0,0.1571,0.0040058,0
5000,0,112.74,84.147,0,0.16679,-0.00036907,0
5000,0,148.11,82.655,0,0.17326,-0.0032392,0
5000,0,186.56,79.939,0,0.18194,-0.0034914,0
5000,0,229.12,78.491,0,0.18435,0.0018888,0
5000,0,274.06,79.594,0,0.18087,0.0022825,0
5000,0,320.58,78.175,0,0.18737,-0.0086668,0
5000,0,372.88,75.497,0,0.19076,-0.0062174,0
5000,0,427.23,74.649,0,0.18973,0.00020888,0
5000,0,391.03,14.647,0,0.18847,-0.001818,0
5000,0,447.86,16.728,0,0.19262,-0.00084998,0
5000,0,418.91,13.532,0,0.17518,0.001529,0
5000,0,362.34,15.699,0,0.20219,0.0022821,0
5000,0,334.86,11.382,0,0.17232,0.0046833,0
5000,0,308.33,13.136,0,0.18904,-0.00099874,0
5000,0,281.96,13.134,0,0.19165,0.0015576,0
5000,0,256.5,11.905,0,0.18149,-0.0039993,0
5000,0,231.09,11.555,0,0.18186,0.0061039,0
5000,0,206.01,12.655,0,0.1899,-0.0032781,0
5000,0,181.3,12.841,0,0.19117,-0.0019705,0
5000,0,157.02,12.235,0,0.1941,0.0042268,0
5000,0,133.89,10.417,0,0.18331,0.00087354,0
5000,0,111.58,11.177,0,0.19196,-0.00039272,0
5000,0,89.059,11.483,0,0.19231,-0.0027047,0
5000,0,66.417,10.793,0,0.18476,-8.471e-05,0
5000,0,45.099,10.696,0,0.18179,-0.0054374,0
5000,0,24.116,9.405,0,0.16787,-0.036667,0
5000,0,20.988,49.942,0,0.13104,-0.006822,0
5000,0,18.997,28.665,0,0.13826,-0.0013549,0
5000,0,88.322,69.604,0,0.19224,0.00092383,0
5000,0,17.373,70.087,0,0.15421,-0.034227,0
5000,0,20.476,79.486,0,0.23033,-0.064671,0
5000,0,458.8,38.255,0,0.20387,0.018444,0
5000,0,121.78,66.234,0,0.19591,-0.00094885,0
5000,0,105.09,68.205,0,0.19399,-0.0001487,0
5000,0,72.41,68.868,0,0.1889,5.8262e-05,0
5000,0,176.71,61.568,0,0.19537,-0.0029334,0
5000,0,218.1,58.418,0,0.19406,-0.0007185,0
5000,0,157.9,62.693,0,0.19558,-0.0017019,0
5000,0,265.43,59.326,0,0.19416,0.0013528,0
5000,0,197,56.819,0,0.19457,-0.001652,0
5000,0,386.9,49.202,0,0.19899,0.00066258,0
5000,0,242.5,56.609,0,0.19443,0.0012638,0
5000,0,368.89,32.744,0,0.20266,0.00054142,0
5000,0,359.5,53.138,0,0.20044,-0.0029902,0
5000,0,398.84,31.108,0,0.19766,0.0017853,0
5000,0,17.05,18.135,0,0.14245,0.047539,0
5000,0,384.04,29.09,0,0.20021,0.0031874,0
5000,0,250.54,25.083,0,0.19131,0.0013501,0
5000,0,274.32,26.988,0,0.19221,0.002717,0
5000,0,340.35,23.806,0,0.1927,0.0064629,0
5000,0,262.2,23.361,0,0.19241,0.0021142,0
5000,0,288.38,27.761,0,0.19338,0.0014785,0
5000,0,174.96,27.883,0,0.18877,0.00033471,0
5000,0,128.7,22.41,0,0.18679,0.0013153,0
5000,0,161.21,27.819,0,0.18911,0.0022137,0
5000,0,188.23,27.073,0,0.18861,-0.00044037,0
5000,0,138.68,20.694,0,0.18808,0.0056629,0
5000,0,148.93,25.107,0,0.1897,0.0039355,0
5000,0,94.478,23.671,0,0.18293,0.00023132,0
5000,0,351.58,33.858,0,0.19446,0.0027762,0
5000,0,71.506,23.015,0,0.17439,0.0016765,0
5000,0,105.87,23.075,0,0.184,-6.255e-05,0
5000,0,49.015,22.945,0,0.16202,0.0019808,0
5000,0,82.931,23.839,0,0.17955,0.00073978,0
5000,0,60.391,22.7,0,0.16865,0.001037,0
5000,0,20.407,39.231,0,0.12919,0.0088401,0
5000,0,19.577,60.907,0,0.13527,-0.013734,0
5000,0,139.49,64.219,0,0.19634,-0.0027124,0
5000,0,56.45,68.679,0,0.18676,-0.0032229,0
5000,0,41.3,71.571,0,0.17717,-0.0031158,0
5000,0,415.61,46.533,0,0.20287,0.00061294,0
5000,0,31.204,80.004,0,0.19602,0.012602,0
5000,0,287.15,61.307,0,0.19358,8.3694e-05,0
5000,0,439.14,54.037,0,0.21005,0.0044778,0
5000,0,237.43,24.868,0,0.19012,0.0015681,0
5000,0,328.28,22.815,0,0.18974,0.00019428,0
5000,0,424.63,27.299,0,0.20208,0.0087245,0
5000,0,411.69,26.575,0,0.19824,0.0014234,0
5000,0,301.78,25.46,0,0.19354,-0.0017271,0
5000,0,438.01,33.611,0,0.2037,0.012929,0
5000,0,315.91,30.328,0,0.1925,2.2641e-05,0
5000,0,117.64,22.718,0,0.18562,0.00028257,0
5000,0,213.4,26.249,0,0.1888,-0.00054583,0
5000,0,38.625,21.9,0,0.14732,0.0042342,0
5000,0,27.591,20.289,0,0.15699,0.0087085,0
5000,0,200.77,26.276,0,0.18848,-0.0013402,0
5000,0,328.91,53.439,0,0.1961,-0.0021265,0
5000,0,130.73,49.28,0,0.18618,0.00013211,0
5000,0,27.626,69.301,0,0.1629,-0.015985,0
5000,0,182.77,43.154,0,0.18973,-0.00088017,0
5000,0,123.74,35.631,0,0.18577,0.0011452,0
5000,0,307.36,62.543,0,0.19486,-0.0041422,0
5000,0,41.84,35.036,0,0.15871,1.4565e-05,0
5000,0,225.2,22.984,0,0.19011,0.00090622,0
5000,0,280.03,42.908,0,0.19241,0.00047132,0
5000,0,80.153,53.337,0,0.17874,-0.0013717,0
5000,0,112.45,34.004,0,0.18563,-0.00091644,0
5000,0,136.96,33.343,0,0.18738,-0.0010476,0
5000,0,30.288,32.267,0,0.14543,-0.00048191,0
5000,0,226.13,39.673,0,0.19073,-0.00050016,0
5000,0,166.55,44.821,0,0.18814,-0.00098016,0
5000,0,64.083,50.099,0,0.16896,0.0007676,0
5000,0,75.527,37.413,0,0.17614,-0.00053743,0
5000,0,46.085,51.867,0,0.16072,-0.0058964,0
5000,0,53.979,36.491,0,0.16423,-0.0014963,0
5000,0,300.64,43.361,0,0.1944,-0.00049017,0
5000,0,149.54,44.133,0,0.18696,4.6311e-05,0
5000,0,243.73,37.866,0,0.1898,0.0015906,0
5000,0,208.94,41.331,0,0.18857,-0.0010849,0
5000,0,260.67,39.358,0,0.1913,-0.00043067,0
5000,0,195.66,39.197,0,0.1886,-0.00039125,0
5000,0,332.57,35.372,0,0.19711,0.0016217,0
5000,0,64.983,34.145,0,0.17605,-0.0032025,0
5000,0,101.19,37.251,0,0.18375,0.00076094,0
5000,0,31.961,57.63,0,0.15146,-0.017995,0
5000,0,88.451,38.254,0,0.18021,0.00013785,0
5000,0,96.023,52.89,0,0.18278,-0.00066923,0
5000,0,32.12,44.325,0,0.14201,0.00077147,0
5000,0,113.63,49.373,0,0.1856,-0.00096632,0
5000,0.51748,0,100,12.5,0.23136,-0,0.00023115
5000,0.5,500,100,12.5,-0.010027,0.022252,0.00033453
5000,0.50467,10,100,12.5,0,0,-0.0024765
5000,0.49865,20.833,100,12.5,0,0,0.00081062
5000,0.50384,32.5,100,12.5,0,0,0.0010918
5000,0.50278,45,100,12.5,0,0,1.0775e-05
5000,0.5029,58.333,100,12.5,0,0,0.00013465
5000,0.50278,72.5,100,12.5,0,0,8.9368e-05
5000,0.50277,87.5,100,12.5,0,0,6.8566e-05
5000,0.50266,103.33,100,12.5,0,0,3.2845e-05
5000,0.50262,120,100,12.5,0,0,2.3695e-05
5000,0.5024,137.5,100,12.5,0,0,1.0559e-05
5000,0.50238,155.83,100,12.5,0,0,-2.8238e-06
5000,0.50207,175,100,12.5,0,0,2.8974e-06
5000,0.50219,195,100,12.5,0,0,8.7933e-06
5000,0.50175,215.83,100,12.5,0,0,2.6829e-05
5000,0.50187,237.5,100,12.5,0,0,1.9147e-05
5000,0.50161,260,100,12.5,0,0,1.4014e-05
5000,0.50155,283.33,100,12.5,0,0,2.488e-06
5000,0.50145,307.5,100,12.5,0,0,-4.7476e-05
5000,0.5013,332.5,100,12.5,0,0,-8.2303e-06
5000,0.50082,358.33,100,12.5,0,0,6.9603e-06
5000,0.50125,385,100,12.5,0,0,-7.1661e-06
5000,0.50016,412.5,100,12.5,0,0,3.4111e-05
5000,0.50125,440.83,100,12.5,0,0,-1.428e-05
5000,0.49975,470,100,12.5,0,0,8.3914e-05
5000,0.5,500,0,12.5,-0.039282,-0.016239,-0.00018533
5000,0.5,500,80,12.5,0.26225,0.027639,6.2009e-05
5000,0.5,500,60,12.5,0.29789,0.030564,-0.00027654
5000,0.5,500,40,12.5,0.30224,0.011542,0.00025203
5000,0.5,500,20,12.5,0.25468,0.027009,-1.8116e-06
5000,0.50653,0,0,12.5,0.23129,-0,-0.00095696
5000,0.49978,485,0,12.5,0,0,0.00015596
5000,0.50165,470.13,0,12.5,0,0,-0.0001621
5000,0.49942,455.38,0,12.5,0,0,-1.417e-05
5000,0.50063,440.77,0,12.5,0,0,-6.628e-05
5000,0.50048,426.28,0,12.5,0,0,-0.00011165
5000,0.50067,411.92,0,12.5,0,0,-4.8304e-06
5000,0.50072,397.69,0,12.5,0,0,3.4529e-05
5000,0.50114,383.59,0,12.5,0,0,8.5308e-05
5000,0.50061,369.62,0,12.5,0,0,9.2844e-05
5000,0.50101,355.77,0,12.5,0,0,-6.9349e-05
5000,0.50138,342.05,0,12.5,0,0,-0.0001866
5000,0.50124,328.46,0,12.5,0,0,1.0719e-05
5000,0.50111,315,0,12.5,0,0,5.4158e-05
5000,0.50156,301.67,0,12.5,0,0,2.0335e-05
5000,0.50123,288.46,0,12.5,0,0,2.2464e-05
5000,0.50171,275.38,0,12.5,0,0,-6.1118e-05
5000,0.50175,262.44,0,12.5,0,0,-1.9208e-05
5000,0.5015,249.62,0,12.5,0,0,3.5926e-05
5000,0.50194,236.92,0,12.5,0,0,-8.1772e-05
5000,0.502,224.36,0,12.5,0,0,-2.7031e-05
5000,0.50179,211.92,0,12.5,0,0,6.2479e-05
5000,0.50205,199.62,0,12.5,0,0,3.6982e-05
5000,0.50211,187.44,0,12.5,0,0,4.0618e-05
5000,0.5021,175.38,0,12.5,0,0,6.0983e-05
5000,0.50211,163.46,0,12.5,0,0,3.039e-05
5000,0.50225,151.67,0,12.5,0,0,-9.093e-05
5000,0.50255,140,0,12.5,0,0,-9.8741e-05
5000,0.50238,128.46,0,12.5,0,0,2.1078e-05
5000,0.50252,117.05,0,12.5,0,0,3.3289e-05
5000,0.50261,105.77,0,12.5,0,0,2.1637e-05
5000,0.50256,94.615,0,12.5,0,0,5.6496e-05
5000,0.50258,83.59,0,12.5,0,0,4.9762e-05
5000,0.50289,72.692,0,12.5,0,0,-5.774e-06
5000,0.50275,61.923,0,12.5,0,0,6.1078e-05
5000,0.50277,51.282,0,12.5,0,0,0.00019864
5000,0.50278,40.769,0,12.5,0,0,0.00012235
5000,0.50368,30.385,0,12.5,0,0,0.00070884
5000,0.49882,20.128,0,12.5,0,0,-0.00023193
5000,0.50631,10,0,12.5,0,0,-0.0015192
5000,0.50146,0,10,12.5,0.23126,-0,0.00014308
5000,0.50433,0,20,12.5,0.23128,-0,0.00094396
5000,0.50331,0,30,12.5,0.23127,-0,0.0006635
5000,0.50347,0,40,12.5,0.23127,-0,0.00070495
5000,0.50311,0,50,12.5,0.23127,-0,0.00063292
5000,0.50365,0,60,12.5,0.23127,-0,0.00074739
5000,0.50304,0,70,12.5,0.23127,-0,0.00046476
5000,0.50345,0,80,12.5,0.23127,-0,0.00071656
5000,0.49468,0,90,12.5,0.23122,-0,-0.0016811
5000,0.50362,7.7841,16.119,12.5,0.18399,-0.014946,0.00041922
5000,0.5033,9.7422,35.009,12.5,0.21751,-0.001598,0.00048342
5000,0.50321,9.8045,54.982,12.5,0.2191,-0.0086157,0.00042317
5000,0.50401,9.4679,75.855,12.5,0.2349,-0.037336,0.00050979
5000,0.50405,12.319,88.474,12.5,0.27678,-0.17161,0.0002303
5000,0.50285,38.483,88.255,12.5,0.18927,-0.0065666,-0.0002385
5000,0.50276,65.353,85.208,12.5,0.21872,0.00077278,-7.4033e-05
5000,0.50267,96.144,84.741,12.5,0.22704,0.0016234,-3.958e-05
5000,0.50247,129.66,83.415,12.5,0.24215,-4.7144e-05,-3.9801e-06
5000,0.50227,166.76,81.258,12.5,0.25455,-0.0031093,1.7134e-05
5000,0.50193,206.85,78.374,12.5,0.26943,-0.0018927,1.4586e-05
5000,0.50168,251.55,78.734,12.5,0.26463,0.0015214,-4.9865e-07
5000,0.50153,296.2,80.2,12.5,0.25545,-0.00042628,-2.1859e-05
5000,0.50116,345.5,76.054,12.5,0.27888,0.0013654,9.1395e-06
5000,0.5008,400.62,72.887,12.5,0.29416,0.002065,1.9519e-05
5000,0.5002,457.08,72.229,12.5,0.30189,-6.2792e-05,1.6877e-05
5000,0.4999,481.99,78.147,12.5,0.27562,0.029184,3.4774e-05
5000,0.50045,479.85,51.621,12.5,0.29511,0.016203,-9.3855e-06
5000,0.50072,463.18,16.316,12.5,0.2459,0.017042,-6.0652e-05
5000,0.50076,433.39,14.708,12.5,0.25527,0.014809,-8.1636e-05
5000,0.50082,404.43,13.94,12.5,0.26013,-0.0013688,1.5859e-05
5000,0.50085,376.06,15.14,12.5,0.2748,-0.0060746,4.572e-05
5000,0.50124,349.03,13.591,12.5,0.26942,0.016467,-6.5491e-05
5000,0.5014,321.18,12.077,12.5,0.25877,-0.0074889,3.601e-05
5000,0.50151,294.98,12.977,12.5,0.26602,-0.00044805,2.7122e-05
5000,0.50166,268.96,12.115,12.5,0.26182,0.0068385,-4.0613e-05
5000,0.50181,243.74,12.463,12.5,0.27075,0.0023457,-2.9565e-06
5000,0.50196,218.32,11.567,12.5,0.25995,-0.0059764,-8.7912e-06
5000,0.50205,194.09,12.794,12.5,0.27384,0.00013243,2.0152e-05
5000,0.50223,168.99,12.829,12.5,0.27786,0.0015484,6.544e-05
5000,0.50249,145.45,11.151,12.5,0.26739,0.0096294,-5.5613e-05
5000,0.50257,122.79,10.843,12.5,0.26835,-0.0034314,2.9252e-06
5000,0.50268,99.954,11.275,12.5,0.27138,-0.0020501,-4.3629e-05
5000,0.50277,77.745,11.382,12.5,0.27304,0.0027806,-0.00010508
5000,0.50299,55.839,10.681,12.5,0.26498,-0.0020572,-8.4276e-05
5000,0.50301,34.774,9.9976,12.5,0.2735,0.011049,-8.6925e-05
5000,0.50447,13.274,8.3322,12.5,0.33324,0.10835,3.2759e-05
5000,0.49991,480.72,23.911,12.5,0.3008,0.032931,-1.5701e-05
5000,0.50278,8.9936,25.039,12.5,0.24227,0.02029,0.00021825
5000,0.50331,10.061,44.762,12.5,0.22978,-0.006505,0.00047385
5000,0.50344,9.0588,65.101,12.5,0.23529,-0.019774,0.00045463
5000,0.50232,25.891,89.893,12.5,0.1233,0.065186,0.0003214
5000,0.50269,50.829,85.819,12.5,0.21636,0.0027901,-0.00020695
5000,0.50255,80.554,84.928,12.5,0.22188,0.0037017,-7.9033e-05
5000,0.50249,112.74,84.147,12.5,0.23433,-0.00069189,-3.2516e-05
5000,0.5024,148.11,82.655,12.5,0.24627,-0.0040422,1.3914e-05
5000,0.50216,186.56,79.939,12.5,0.26045,-0.0047071,1.9723e-05
5000,0.50189,229.12,78.491,12.5,0.26498,0.0017885,1.6155e-05
5000,0.50165,274.06,79.594,12.5,0.25925,0.0028461,5.6477e-06
5000,0.50142,320.58,78.175,12.5,0.267,-0.010548,-9.1989e-06
5000,0.50095,372.88,75.497,12.5,0.27453,-0.0077337,1.91e-06
5000,0.50037,427.23,74.649,12.5,0.27496,0.0002085,-1.2444e-05
5000,0.50078,391.03,14.647,12.5,0.27069,-0.00227,1.2531e-05
5000,0.50082,447.86,16.728,12.5,0.27213,0.00090523,3.1893e-05
5000,0.50097,418.91,13.532,12.5,0.25186,0.0014356,-1.1476e-05
5000,0.50105,362.34,15.699,12.5,0.28613,0.0048292,3.9391e-05
5000,0.50143,334.86,11.382,12.5,0.24787,0.0040814,-5.9579e-05
5000,0.50141,308.33,13.136,12.5,0.26966,-0.0010149,2.446e-05
5000,0.5016,281.96,13.134,12.5,0.27207,0.0024913,5.6173e-06
5000,0.50175,256.5,11.905,12.5,0.26074,-0.0041302,1.4696e-05
5000,0.50189,231.09,11.555,12.5,0.26009,0.0059922,-5.1171e-05
5000,0.50202,206.01,12.655,12.5,0.27279,-0.0034586,2.8572e-05
5000,0.50215,181.3,12.841,12.5,0.27543,-0.0017538,4.5785e-05
5000,0.50239,157.02,12.235,12.5,0.27525,0.0059018,3.8742e-05
5000,0.50257,133.89,10.417,12.5,0.26178,0.0005376,-4.3065e-05
5000,0.5026,111.58,11.177,12.5,0.27201,-0.0004159,-3.5974e-05
5000,0.50276,89.059,11.483,12.5,0.27258,-0.0020032,-2.5343e-05
5000,0.50286,66.417,10.793,12.5,0.26473,0.00068177,-0.00016054
5000,0.50293,45.099,10.696,12.5,0.26976,-0.0021171,-0.00012134
5000,0.50321,24.116,9.405,12.5,0.28179,-0.020056,0.0003436
5000,0.50342,20.988,49.942,12.5,0.22387,-0.0095183,0.0001876
5000,0.50384,18.997,28.665,12.5,0.23381,0.0011219,0.00050035
5000,0.50274,88.322,69.604,12.5,0.26849,4.9764e-07,-0.00014634
5000,0.50314,17.373,70.087,12.5,0.25504,-0.044809,4.7698e-05
5000,0.50292,20.476,79.486,12.5,0.34194,-0.093219,-0.00028655
5000,0.50035,458.8,38.255,12.5,0.2867,0.022675,3.2723e-05
5000,0.5026,121.78,66.234,12.5,0.27263,-0.0015317,-4.1343e-05
5000,0.50265,105.09,68.205,12.5,0.26955,-0.00080101,-9.1371e-05
5000,0.50289,72.41,68.868,12.5,0.26698,-0.0021124,-0.00014386
5000,0.50218,176.71,61.568,12.5,0.27485,-0.0038296,2.225e-05
5000,0.50195,218.1,58.418,12.5,0.27288,-0.001324,-3.7856e-06
5000,0.50225,157.9,62.693,12.5,0.27445,-0.0024842,1.2838e-05
5000,0.50171,265.43,59.326,12.5,0.27215,0.0016214,-1.0563e-05
5000,0.50202,197,56.819,12.5,0.27382,-0.0024693,1.2075e-05
5000,0.50063,386.9,49.202,12.5,0.27944,0.00030375,-5.4409e-06
5000,0.50172,242.5,56.609,12.5,0.27266,0.0011933,-1.801e-05
5000,0.50106,368.89,32.744,12.5,0.28355,0.0010819,1.019e-05
5000,0.50122,359.5,53.138,12.5,0.28081,-0.0038277,2.1303e-05
5000,0.50089,398.84,31.108,12.5,0.27845,0.0024991,1.9224e-06
5000,0.50303,17.05,18.135,12.5,0.23361,0.050648,-0.00011869
5000,0.5009,384.04,29.09,12.5,0.28186,0.0037831,-4.546e-06
5000,0.50172,250.54,25.083,12.5,0.26759,0.0017038,-1.9392e-05
5000,0.50157,274.32,26.988,12.5,0.26902,0.0032816,7.6744e-06
5000,0.50115,340.35,23.806,12.5,0.26964,0.0069573,7.7941e-06
5000,0.50164,262.2,23.361,12.5,0.26907,0.0024968,-7.9205e-06
5000,0.50152,288.38,27.761,12.5,0.27055,0.0021264,2.7578e-06
5000,0.50215,174.96,27.883,12.5,0.26506,0.00097205,1.5541e-05
5000,0.50246,128.7,22.41,12.5,0.25854,0.0015748,-3.7246e-05
5000,0.50222,161.21,27.819,12.5,0.26469,0.0030631,3.79e-05
5000,0.50211,188.23,27.073,12.5,0.26529,-0.00014833,1.4541e-05
5000,0.50234,138.68,20.694,12.5,0.26084,0.0061371,-2.5705e-05
5000,0.50231,148.93,25.107,12.5,0.26381,0.0046504,3.6644e-05
5000,0.50261,94.478,23.671,12.5,0.25166,0.00073696,-0.00013788
5000,0.50104,351.58,33.858,12.5,0.27291,0.0034542,1.6646e-05
5000,0.5028,71.506,23.015,12.5,0.24245,0.0024779,-0.00016897
5000,0.50258,105.87,23.075,12.5,0.2539,0.00027208,-8.782e-05
5000,0.50276,49.015,22.945,12.5,0.23431,0.0043232,-0.00035019
5000,0.50268,82.931,23.839,12.5,0.24744,0.0014279,-0.00015102
5000,0.5028,60.391,22.7,12.5,0.23816,0.0024134,-0.00025215
5000,0.50274,20.407,39.231,12.5,0.22238,0.0088203,-0.0001649
5000,0.50308,19.577,60.907,12.5,0.23137,-0.018504,2.3547e-05
5000,0.50243,139.49,64.219,12.5,0.27357,-0.0034259,6.2252e-06
5000,0.50276,56.45,68.679,12.5,0.26765,-0.006895,-0.00021638
5000,0.50325,41.3,71.571,12.5,0.26672,-0.010282,-0.00019161
5000,0.50093,415.61,46.533,12.5,0.28404,0.00073325,1.0111e-05
5000,0.50243,31.204,80.004,12.5,0.30515,-0.003934,-0.00073762
5000,0.50145,287.15,61.307,12.5,0.27128,0.0003118,-1.7676e-05
5000,0.50053,439.14,54.037,12.5,0.29364,0.0051198,3.2315e-05
5000,0.5018,237.43,24.868,12.5,0.2663,0.0017812,1.1824e-06
5000,0.50115,328.28,22.815,12.5,0.2667,-0.00017094,-7.2295e-05
5000,0.50058,424.63,27.299,12.5,0.28232,0.0095606,8.7687e-07
5000,0.50047,411.69,26.575,12.5,0.27821,0.0019637,-0.00010018
5000,0.50133,301.78,25.46,12.5,0.27125,-0.0014679,-2.5971e-05
5000,0.50026,438.01,33.611,12.5,0.28565,0.015212,-2.51e-05
5000,0.50136,315.91,30.328,12.5,0.26998,4.1893e-05,-7.0468e-06
5000,0.50252,117.64,22.718,12.5,0.25647,0.00051792,-6.4803e-05
5000,0.50197,213.4,26.249,12.5,0.265,-0.00063672,-2.8799e-05
5000,0.50319,38.625,21.9,12.5,0.22613,0.0081122,-0.00010637
5000,0.50256,27.591,20.289,12.5,0.24372,0.015353,-0.00031607
5000,0.50199,200.77,26.276,12.5,0.26501,-0.0012986,-1.2043e-05
5000,0.50115,328.91,53.439,12.5,0.27469,-0.0027171,7.3491e-06
5000,0.5024,130.73,49.28,12.5,0.25781,-0.00013338,-2.6149e-05
5000,0.50338,27.626,69.301,12.5,0.2598,-0.029374,7.9187e-05
5000,0.50212,182.77,43.154,12.5,0.26515,-0.0011376,1.3028e-05
5000,0.50255,123.74,35.631,12.5,0.25773,0.0011312,-2.5567e-05
5000,0.50143,307.36,62.543,12.5,0.27274,-0.0046303,1.1913e-05
5000,0.50295,41.84,35.036,12.5,0.2343,0.00032758,-0.00024706
5000,0.50187,225.2,22.984,12.5,0.26636,0.00075216,-1.8555e-05
5000,0.50155,280.03,42.908,12.5,0.2691,0.00056812,-8.4316e-06
5000,0.50268,80.153,53.337,12.5,0.24783,-0.0023316,-0.00016713
5000,0.50261,112.45,34.004,12.5,0.25638,-0.00090852,-5.0918e-05
5000,0.50252,136.96,33.343,12.5,0.26049,-0.0010213,1.7916e-05
5000,0.50301,30.288,32.267,12.5,0.22945,0.00056349,-0.00016129
5000,0.50188,226.13,39.673,12.5,0.26698,-0.00076394,-9.392e-06
5000,0.50231,166.55,44.821,12.5,0.26256,-0.0011707,2.1684e-05
5000,0.5028,64.083,50.099,12.5,0.23813,-0.0007554,-0.00019171
5000,0.50281,75.527,37.413,12.5,0.24514,-0.0010411,-0.00012956
5000,0.50283,46.085,51.867,12.5,0.23477,-0.009225,-0.00021651
5000,0.50309,53.979,36.491,12.5,0.23518,-0.0016004,-0.00017265
5000,0.50154,300.64,43.361,12.5,0.27168,-0.00048322,1.2161e-05
5000,0.50238,149.54,44.133,12.5,0.26041,-5.6364e-05,1.8043e-05
5000,0.50181,243.73,37.866,12.5,0.2659,0.0016745,2.1162e-07
5000,0.50199,208.94,41.331,12.5,0.26484,-0.0013717,-6.603e-06
5000,0.50171,260.67,39.358,12.5,0.26761,-0.00035213,-4.6935e-06
5000,0.50209,195.66,39.197,12.5,0.26464,-0.00054604,2.3292e-05
5000,0.50141,332.57,35.372,12.5,0.27538,0.0017685,5.6087e-05
5000,0.50281,64.983,34.145,12.5,0.24535,-0.0034868,-0.00021516
5000,0.50268,101.19,37.251,12.5,0.25347,0.00075526,-8.7903e-05
5000,0.50277,31.961,57.63,12.5,0.23716,-0.024114,-0.00023443
5000,0.50277,88.451,38.254,12.5,0.24924,-0.00016848,-0.00011185
5000,0.50261,96.023,52.89,12.5,0.25193,-0.0013417,-0.00011884
5000,0.50323,32.12,44.325,12.5,0.22461,0.00081353,-8.501e-05
5000,0.50254,113.63,49.373,12.5,0.25584,-0.0013761,-6.4511e-05
5000,1.035,0,100,25,0.26315,-0,0.0017495
5000,1,500,100,25,-0.011729,0.020171,0.00065562
5000,1.0093,10,100,25,0,0,-0.0034634
5000,0.9973,20.833,100,25,0,0,0.00012549
5000,1.0077,32.5,100,25,0,0,0.0013688
5000,1.0056,45,100,25,0,0,9.7425e-05
5000,1.0058,58.333,100,25,0,0,0.00025368
5000,1.0056,72.5,100,25,0,0,0.00015223
5000,1.0055,87.5,100,25,0,0,0.00011048
5000,1.0053,103.33,100,25,0,0,5.3105e-05
5000,1.0052,120,100,25,0,0,3.1667e-05
5000,1.0048,137.5,100,25,0,0,7.9024e-06
5000,1.0048,155.83,100,25,0,0,-2.4221e-06
5000,1.0041,175,100,25,0,0,-2.8642e-06
5000,1.0044,195,100,25,0,0,1.577e-05
5000,1.0035,215.83,100,25,0,0,3.4409e-05
5000,1.0037,237.5,100,25,0,0,3.2942e-05
5000,1.0032,260,100,25,0,0,1.9732e-05
5000,1.0031,283.33,100,25,0,0,4.5305e-06
5000,1.0029,307.5,100,25,0,0,-6.6459e-05
5000,1.0026,332.5,100,25,0,0,-1.9935e-05
5000,1.0016,358.33,100,25,0,0,3.6917e-06
5000,1.0025,385,100,25,0,0,-4.3128e-06
5000,1.0003,412.5,100,25,0,0,4.0133e-05
5000,1.0025,440.83,100,25,0,0,-4.8084e-06
5000,0.99949,470,100,25,0,0,7.4669e-05
5000,1,500,0,25,-0.033937,-0.013364,-0.00067784
5000,1,500,80,25,0.31541,0.027912,0.00012502
5000,1,500,60,25,0.34888,0.030895,-0.00051879
5000,1,500,40,25,0.35418,0.014456,0.00054172
5000,1,500,20,25,0.30306,0.029598,-3.9674e-05
5000,1.0131,0,0,25,0.26321,-0,-0.0010046
5000,0.99955,485,0,25,0,0,8.7364e-05
5000,1.0033,470.13,0,25,0,0,-0.00017488
5000,0.99885,455.38,0,25,0,0,-9.3453e-05
5000,1.0013,440.77,0,25,0,0,-9.3251e-05
5000,1.001,426.28,0,25,0,0,-0.00016191
5000,1.0013,411.92,0,25,0,0,3.5393e-06
5000,1.0014,397.69,0,25,0,0,5.3964e-05
5000,1.0023,383.59,0,25,0,0,0.00014572
5000,1.0012,369.62,0,25,0,0,7.4962e-05
5000,1.002,355.77,0,25,0,0,-0.00013056
5000,1.0028,342.05,0,25,0,0,-0.00022952
5000,1.0025,328.46,0,25,0,0,2.101e-05
5000,1.0022,315,0,25,0,0,5.1825e-05
5000,1.0031,301.67,0,25,0,0,4.0896e-05
5000,1.0025,288.46,0,25,0,0,-1.4709e-06
5000,1.0034,275.38,0,25,0,0,-7.3566e-05
5000,1.0035,262.44,0,25,0,0,-2.0341e-05
5000,1.003,249.62,0,25,0,0,1.4776e-05
5000,1.0039,236.92,0,25,0,0,-9.6214e-05
5000,1.004,224.36,0,25,0,0,-1.1616e-05
5000,1.0036,211.92,0,25,0,0,7.8943e-05
5000,1.0041,199.62,0,25,0,0,6.4211e-05
5000,1.0042,187.44,0,25,0,0,6.7886e-05
5000,1.0042,175.38,0,25,0,0,7.7827e-05
5000,1.0042,163.46,0,25,0,0,8.0788e-06
5000,1.0045,151.67,0,25,0,0,-0.00014683
5000,1.0051,140,0,25,0,0,-0.00011753
5000,1.0048,128.46,0,25,0,0,9.5539e-06
5000,1.005,117.05,0,25,0,0,3.4978e-05
5000,1.0052,105.77,0,25,0,0,1.5513e-05
5000,1.0051,94.615,0,25,0,0,5.5996e-05
5000,1.0052,83.59,0,25,0,0,5.1545e-05
5000,1.0058,72.692,0,25,0,0,1.4488e-05
5000,1.0055,61.923,0,25,0,0,0.00013651
5000,1.0055,51.282,0,25,0,0,0.00029887
5000,1.0056,40.769,0,25,0,0,0.00025308
5000,1.0074,30.385,0,25,0,0,0.0010355
5000,0.99765,20.128,0,25,0,0,-0.0011957
5000,1.0126,10,0,25,0,0,-0.0014709
5000,1.0029,0,10,25,0.26323,-0,-0.000248
5000,1.0087,0,20,25,0.26322,-0,0.0010833
5000,1.0066,0,30,25,0.26322,-0,0.00068963
5000,1.0069,0,40,25,0.26322,-0,0.00074621
5000,1.0062,0,50,25,0.26322,-0,0.00060318
5000,1.0073,0,60,25,0.26322,-0,0.00076341
5000,1.0061,0,70,25,0.26322,-0,0.00026895
5000,1.0069,0,80,25,0.26322,-0,0.0010998
5000,0.98937,0,90,25,0.26327,-0,-0.0036025
5000,1.0072,7.7841,16.119,25,0.23249,-0.012538,0.00069292
5000,1.0066,9.7422,35.009,25,0.2699,-0.0013323,0.00070381
5000,1.0064,9.8045,54.982,25,0.27105,-0.0067735,0.00057029
5000,1.008,9.4679,75.855,25,0.27353,-0.031377,0.00086092
5000,1.0081,12.319,88.474,25,0.32133,-0.1526,0.00056219
5000,1.0057,38.483,88.255,25,0.24793,-0.013834,-4.2453e-05
5000,1.0055,65.353,85.208,25,0.26477,-0.0030527,-7.9535e-05
5000,1.0053,96.144,84.741,25,0.268,-0.00015874,-9.5049e-05
5000,1.0049,129.66,83.415,25,0.28375,-0.00084719,-3.737e-05
5000,1.0045,166.76,81.258,25,0.29923,-0.0037043,1.9161e-05
5000,1.0039,206.85,78.374,25,0.31834,-0.0027388,2.3275e-05
5000,1.0034,251.55,78.734,25,0.31381,0.0012261,1.5682e-06
5000,1.0031,296.2,80.2,25,0.30346,-0.00011169,-2.9997e-05
5000,1.0023,345.5,76.054,25,0.3294,0.00048709,6.4262e-06
5000,1.0016,400.62,72.887,25,0.34728,0.0011925,2.9122e-05
5000,1.0004,457.08,72.229,25,0.35567,-0.00012985,1.5764e-05
5000,0.9998,481.99,78.147,25,0.32806,0.028189,3.594e-05
5000,1.0009,479.85,51.621,25,0.34627,0.016993,5.5569e-06
5000,1.0014,463.18,16.316,25,0.29559,0.016669,-8.8354e-05
5000,1.0015,433.39,14.708,25,0.30323,0.014134,-0.00011189
5000,1.0016,404.43,13.94,25,0.3098,-0.0011569,4.7885e-05
5000,1.0017,376.06,15.14,25,0.32504,-0.0044435,6.1043e-05
5000,1.0025,349.03,13.591,25,0.31622,0.015526,-0.00010738
5000,1.0028,321.18,12.077,25,0.30677,-0.0068424,7.1834e-05
5000,1.003,294.98,12.977,25,0.31512,0.00018732,3.9202e-05
5000,1.0033,268.96,12.115,25,0.30985,0.00629,-5.8867e-05
5000,1.0036,243.74,12.463,25,0.31894,0.0022724,-9.8054e-06
5000,1.0039,218.32,11.567,25,0.30937,-0.0055931,9.6256e-06
5000,1.0041,194.09,12.794,25,0.3245,0.00056656,4.5008e-05
5000,1.0045,168.99,12.829,25,0.32689,0.0025132,8.3748e-05
5000,1.005,145.45,11.151,25,0.31367,0.0091255,-9.6394e-05
5000,1.0051,122.79,10.843,25,0.31622,-0.0027946,-2.3067e-05
5000,1.0054,99.954,11.275,25,0.32127,-0.0010679,-0.00011484
5000,1.0055,77.745,11.382,25,0.32482,0.0040744,-0.00017679
5000,1.006,55.839,10.681,25,0.32673,0.0013368,-2.6243e-06
5000,1.006,34.774,9.9976,25,0.3431,0.016309,0.00024385
5000,1.0089,13.274,8.3322,25,0.37152,0.097655,0.00033125
5000,0.99983,480.72,23.911,25,0.352,0.03435,-5.8403e-05
5000,1.0056,8.9936,25.039,25,0.28338,0.016935,0.00014354
5000,1.0066,10.061,44.762,25,0.27371,-0.0052456,0.00069023
5000,1.0069,9.0588,65.101,25,0.27342,-0.015689,0.0006108
5000,1.0046,25.891,89.893,25,0.18962,0.033912,0.00042684
5000,1.0054,50.829,85.819,25,0.2683,-0.0034815,-0.00016986
5000,1.0051,80.554,84.928,25,0.26442,0.0010603,-0.00015329
5000,1.005,112.74,84.147,25,0.27532,-0.0016718,-9.3955e-05
5000,1.0048,148.11,82.655,25,0.28922,-0.0044443,2.6653e-06
5000,1.0043,186.56,79.939,25,0.30732,-0.0052658,2.8248e-05
5000,1.0038,229.12,78.491,25,0.31461,0.00099253,3.09e-05
5000,1.0033,274.06,79.594,25,0.30769,0.002805,1.1226e-05
5000,1.0028,320.58,78.175,25,0.3153,-0.010363,-2.1376e-05
5000,1.0019,372.88,75.497,25,0.32606,-0.0080221,-5.6476e-07
5000,1.0007,427.23,74.649,25,0.32872,-9.0835e-05,-2.2834e-05
5000,1.0016,391.03,14.647,25,0.32083,-0.0016704,2.7528e-05
5000,1.0016,447.86,16.728,25,0.32001,0.0022342,5.1254e-05
5000,1.0019,418.91,13.532,25,0.3006,0.0012776,2.5726e-05
5000,1.0021,362.34,15.699,25,0.3347,0.0058356,2.5914e-05
5000,1.0029,334.86,11.382,25,0.29545,0.0032278,-4.6261e-05
5000,1.0028,308.33,13.136,25,0.31844,-0.00065171,3.5202e-05
5000,1.0032,281.96,13.134,25,0.32026,0.0027478,2.0701e-06
5000,1.0035,256.5,11.905,25,0.30927,-0.0035445,2.2367e-05
5000,1.0038,231.09,11.555,25,0.3084,0.0051091,-6.4504e-05
5000,1.004,206.01,12.655,25,0.3235,-0.0028062,6.0233e-05
5000,1.0043,181.3,12.841,25,0.32554,-0.00081363,7.8545e-05
5000,1.0048,157.02,12.235,25,0.32158,0.0062061,2.8197e-05
5000,1.0051,133.89,10.417,25,0.30933,0.00055524,-6.4868e-05
5000,1.0052,111.58,11.177,25,0.32083,0.00012903,-9.6932e-05
5000,1.0055,89.059,11.483,25,0.32365,-0.00014531,-7.7259e-05
5000,1.0057,66.417,10.793,25,0.32058,0.0028823,-0.0001917
5000,1.0059,45.099,10.696,25,0.33555,0.0043215,5.6942e-05
5000,1.0064,24.116,9.405,25,0.34185,-0.0075758,0.00075882
5000,1.0068,20.988,49.942,25,0.28223,-0.0085598,0.0006977
5000,1.0077,18.997,28.665,25,0.29162,0.0013964,0.0012122
5000,1.0055,88.322,69.604,25,0.3177,-0.0018822,-0.000256
5000,1.0063,17.373,70.087,25,0.30074,-0.039815,0.00038586
5000,1.0058,20.476,79.486,25,0.38948,-0.083165,-0.00012313
5000,1.0007,458.8,38.255,25,0.33594,0.022727,3.2901e-05
5000,1.0052,121.78,66.234,25,0.318,-0.0023128,-0.00011288
5000,1.0053,105.09,68.205,25,0.3163,-0.0020412,-0.00020103
5000,1.0058,72.41,68.868,25,0.31984,-0.0051049,-0.00019241
5000,1.0044,176.71,61.568,25,0.32125,-0.004235,2.7389e-05
5000,1.0039,218.1,58.418,25,0.31963,-0.0018586,5.2642e-06
5000,1.0045,157.9,62.693,25,0.31998,-0.0030132,-5.4858e-06
5000,1.0034,265.43,59.326,25,0.31857,0.0014442,-1.2165e-05
5000,1.004,197,56.819,25,0.3203,-0.002974,2.0387e-05
5000,1.0013,386.9,49.202,25,0.32722,-0.00015727,-1.9023e-05
5000,1.0034,242.5,56.609,25,0.3192,0.0007246,-2.6508e-05
5000,1.0021,368.89,32.744,25,0.33081,0.0014216,2.0415e-05
5000,1.0024,359.5,53.138,25,0.32796,-0.0040181,3.7425e-05
5000,1.0018,398.84,31.108,25,0.32709,0.0028,2.5665e-05
5000,1.0061,17.05,18.135,25,0.28303,0.042075,0.00010348
5000,1.0018,384.04,29.09,25,0.33015,0.0039002,6.2752e-06
5000,1.0034,250.54,25.083,25,0.31289,0.0017649,-3.3015e-05
5000,1.0031,274.32,26.988,25,0.31441,0.0032874,-1.5024e-06
5000,1.0023,340.35,23.806,25,0.31534,0.0063106,-1.3034e-05
5000,1.0033,262.2,23.361,25,0.31434,0.0024969,-2.3101e-05
5000,1.003,288.38,27.761,25,0.316,0.0023634,1.9677e-06
5000,1.0043,174.96,27.883,25,0.30917,0.0014635,2.4951e-05
5000,1.0049,128.7,22.41,25,0.30017,0.0017505,-9.655e-05
5000,1.0044,161.21,27.819,25,0.30768,0.0032864,3.146e-05
5000,1.0042,188.23,27.073,25,0.31035,0.00032605,3.5666e-05
5000,1.0047,138.68,20.694,25,0.30258,0.0058115,-0.00010491
5000,1.0046,148.93,25.107,25,0.30566,0.0045788,7.6921e-06
5000,1.0052,94.478,23.671,25,0.29402,0.0013451,-0.00027863
5000,1.0021,351.58,33.858,25,0.31942,0.0034668,4.0793e-06
5000,1.0056,71.506,23.015,25,0.28781,0.0032178,-0.0002459
5000,1.0052,105.87,23.075,25,0.29609,0.00077516,-0.00020356
5000,1.0055,49.015,22.945,25,0.28886,0.0058814,-0.00032447
5000,1.0054,82.931,23.839,25,0.29074,0.0021075,-0.00027556
5000,1.0056,60.391,22.7,25,0.28676,0.0036964,-0.00028323
5000,1.0055,20.407,39.231,25,0.28098,0.0069822,3.138e-05
5000,1.0062,19.577,60.907,25,0.28536,-0.015619,0.00036189
5000,1.0049,139.49,64.219,25,0.31805,-0.0038581,-2.9983e-05
5000,1.0055,56.45,68.679,25,0.32447,-0.010696,-0.00018667
5000,1.0065,41.3,71.571,25,0.32915,-0.015704,0.00014037
5000,1.0019,415.61,46.533,25,0.3321,0.00063874,2.4413e-05
5000,1.0049,31.204,80.004,25,0.36654,-0.013852,-0.00065803
5000,1.0029,287.15,61.307,25,0.31749,0.00035829,-3.383e-05
5000,1.0011,439.14,54.037,25,0.34246,0.0048304,4.3044e-05
5000,1.0036,237.43,24.868,25,0.31175,0.0017039,-5.5192e-06
5000,1.0023,328.28,22.815,25,0.31291,-0.00027117,-0.00012506
5000,1.0012,424.63,27.299,25,0.32999,0.0090778,-1.0694e-05
5000,1.0009,411.69,26.575,25,0.3264,0.002259,-0.00017268
5000,1.0027,301.78,25.46,25,0.31715,-0.0008915,-5.5074e-05
5000,1.0005,438.01,33.611,25,0.33403,0.014755,-6.6507e-05
5000,1.0027,315.91,30.328,25,0.31597,0.00020801,-9.7302e-06
5000,1.005,117.64,22.718,25,0.29823,0.00085036,-0.00015193
5000,1.0039,213.4,26.249,25,0.31067,-0.00040396,-2.723e-05
5000,1.0064,38.625,21.9,25,0.28689,0.0091853,0.00028098
5000,1.0051,27.591,20.289,25,0.302,0.014614,-9.5423e-05
5000,1.004,200.77,26.276,25,0.31064,-0.00087983,-8.2395e-06
5000,1.0023,328.91,53.439,25,0.32085,-0.0028082,-4.0748e-06
5000,1.0048,130.73,49.28,25,0.29938,-0.00050634,-8.7201e-05
5000,1.0068,27.626,69.301,25,0.31693,-0.029471,0.00066816
5000,1.0042,182.77,43.154,25,0.30867,-0.0012076,1.5293e-05
5000,1.0051,123.74,35.631,25,0.29964,0.0009754,-8.3466e-05
5000,1.0029,307.36,62.543,25,0.31883,-0.0043041,9.3533e-06
5000,1.0059,41.84,35.036,25,0.29145,0.00049482,-3.3662e-05
5000,1.0037,225.2,22.984,25,0.31197,0.00065092,-2.7064e-05
5000,1.0031,280.03,42.908,25,0.31448,0.00055801,-1.7786e-05
5000,1.0054,80.153,53.337,25,0.29282,-0.0033053,-0.00027432
5000,1.0052,112.45,34.004,25,0.29829,-0.00082683,-0.00013425
5000,1.005,136.96,33.343,25,0.30236,-0.0008832,6.6242e-06
5000,1.006,30.288,32.267,25,0.29104,0.0010393,0.00023879
5000,1.0038,226.13,39.673,25,0.31206,-0.000891,-1.0119e-05
5000,1.0046,166.55,44.821,25,0.30529,-0.0012109,3.2028e-05
5000,1.0056,64.083,50.099,25,0.28501,-0.0021239,-0.00021334
5000,1.0056,75.527,37.413,25,0.29024,-0.0012745,-0.0001991
5000,1.0057,46.085,51.867,25,0.28858,-0.010053,-3.8424e-05
5000,1.0062,53.979,36.491,25,0.28714,-0.0014175,-6.5346e-05
5000,1.0031,300.64,43.361,25,0.31714,-0.00038798,1.7283e-05
5000,1.0048,149.54,44.133,25,0.30246,-0.00018594,3.4788e-06
5000,1.0036,243.73,37.866,25,0.31109,0.0014543,5.4895e-06
5000,1.004,208.94,41.331,25,0.3099,-0.0014456,2.3688e-06
5000,1.0034,260.67,39.358,25,0.31284,-0.0002971,-7.3264e-06
5000,1.0042,195.66,39.197,25,0.30906,-0.00056624,4.3834e-05
5000,1.0028,332.57,35.372,25,0.32127,0.0017115,0.00010152
5000,1.0056,64.983,34.145,25,0.29256,-0.0030986,-0.00027296
5000,1.0054,101.19,37.251,25,0.29595,0.00057077,-0.00018814
5000,1.0055,31.961,57.63,25,0.29625,-0.023073,7.8015e-05
5000,1.0055,88.451,38.254,25,0.29287,-0.00046124,-0.00020321
5000,1.0052,96.023,52.89,25,0.29507,-0.0020478,-0.00023958
5000,1.0065,32.12,44.325,25,0.28473,0.00059781,0.00036827
5000,1.0051,113.63,49.373,25,0.29783,-0.0017471,-0.0001619
5000,1.5525,0,100,37.5,0.28175,-0,0.0043327
5000,1.5,500,100,37.5,-0.015376,0.018167,0.0009829
5000,1.514,10,100,37.5,0,0,-0.0033915
5000,1.496,20.833,100,37.5,0,0,-0.00086217
5000,1.5115,32.5,100,37.5,0,0,0.0013221
5000,1.5083,45,100,37.5,0,0,5.8945e-05
5000,1.5087,58.333,100,37.5,0,0,0.00023148
5000,1.5083,72.5,100,37.5,0,0,0.00012948
5000,1.5083,87.5,100,37.5,0,0,9.0105e-05
5000,1.508,103.33,100,37.5,0,0,3.5105e-05
5000,1.5079,120,100,37.5,0,0,2.9643e-05
5000,1.5072,137.5,100,37.5,0,0,-4.3235e-06
5000,1.5071,155.83,100,37.5,0,0,-2.315e-06
5000,1.5062,175,100,37.5,0,0,-1.4671e-05
5000,1.5066,195,100,37.5,0,0,1.7656e-05
5000,1.5053,215.83,100,37.5,0,0,1.2415e-05
5000,1.5056,237.5,100,37.5,0,0,2.7348e-05
5000,1.5048,260,100,37.5,0,0,9.3143e-06
5000,1.5046,283.33,100,37.5,0,0,-1.3925e-10
5000,1.5043,307.5,100,37.5,0,0,-4.9536e-05
5000,1.5039,332.5,100,37.5,0,0,-1.5521e-05
5000,1.5025,358.33,100,37.5,0,0,-1.0217e-05
5000,1.5037,385,100,37.5,0,0,1.089e-05
5000,1.5005,412.5,100,37.5,0,0,4.9244e-06
5000,1.5037,440.83,100,37.5,0,0,2.9361e-05
5000,1.4992,470,100,37.5,0,0,3.4541e-05
5000,1.5,500,0,37.5,-0.030611,-0.011583,-0.0012637
5000,1.5,500,80,37.5,0.34919,0.026925,9.9518e-05
5000,1.5,500,60,37.5,0.38119,0.030091,-0.00076706
5000,1.5,500,40,37.5,0.38631,0.015519,0.0008941
5000,1.5,500,20,37.5,0.33291,0.030089,-0.00012828
5000,1.5196,0,0,37.5,0.28187,-0,-0.00019881
5000,1.4993,485,0,37.5,0,0,-6.3377e-05
5000,1.505,470.13,0,37.5,0,0,-2.5488e-08
5000,1.4983,455.38,0,37.5,0,0,-0.0002071
5000,1.5019,440.77,0,37.5,0,0,-4.9607e-05
5000,1.5014,426.28,0,37.5,0,0,-0.0001478
5000,1.502,411.92,0,37.5,0,0,-1.2479e-05
5000,1.5022,397.69,0,37.5,0,0,2.1834e-05
5000,1.5034,383.59,0,37.5,0,0,0.00014278
5000,1.5018,369.62,0,37.5,0,0,1.2989e-05
5000,1.503,355.77,0,37.5,0,0,-9.9624e-05
5000,1.5041,342.05,0,37.5,0,0,-0.00015115
5000,1.5037,328.46,0,37.5,0,0,-8.1441e-06
5000,1.5033,315,0,37.5,0,0,-1.064e-05
5000,1.5047,301.67,0,37.5,0,0,5.3437e-05
5000,1.5037,288.46,0,37.5,0,0,-5.4788e-05
5000,1.5051,275.38,0,37.5,0,0,-3.7502e-05
5000,1.5052,262.44,0,37.5,0,0,-1.6515e-06
5000,1.5045,249.62,0,37.5,0,0,-3.8233e-05
5000,1.5058,236.92,0,37.5,0,0,-5.0326e-05
5000,1.506,224.36,0,37.5,0,0,1.1844e-05
5000,1.5054,211.92,0,37.5,0,0,2.102e-05
5000,1.5061,199.62,0,37.5,0,0,5.0448e-05
5000,1.5063,187.44,0,37.5,0,0,4.6082e-05
5000,1.5063,175.38,0,37.5,0,0,4.3616e-05
5000,1.5063,163.46,0,37.5,0,0,-2.4091e-05
5000,1.5067,151.67,0,37.5,0,0,-0.00013216
5000,1.5076,140,0,37.5,0,0,-7.8136e-05
5000,1.5071,128.46,0,37.5,0,0,-3.6623e-05
5000,1.5076,117.05,0,37.5,0,0,9.9835e-06
5000,1.5078,105.77,0,37.5,0,0,2.1535e-06
5000,1.5077,94.615,0,37.5,0,0,1.0187e-05
5000,1.5077,83.59,0,37.5,0,0,2.7103e-06
5000,1.5087,72.692,0,37.5,0,0,5.9278e-05
5000,1.5083,61.923,0,37.5,0,0,0.00011823
5000,1.5083,51.282,0,37.5,0,0,0.00019629
5000,1.5083,40.769,0,37.5,0,0,9.5054e-05
5000,1.5111,30.385,0,37.5,0,0,0.00094262
5000,1.4965,20.128,0,37.5,0,0,-0.0023534
5000,1.5189,10,0,37.5,0,0,-0.00029751
5000,1.5044,0,10,37.5,0.28194,-0,-0.0011206
5000,1.513,0,20,37.5,0.2819,-0,0.00091055
5000,1.5099,0,30,37.5,0.28191,-0,0.00019494
5000,1.5104,0,40,37.5,0.28191,-0,0.0002997
5000,1.5093,0,50,37.5,0.28192,-0,9.1264e-05
5000,1.5109,0,60,37.5,0.28191,-0,0.0004001
5000,1.5091,0,70,37.5,0.28192,-0,-6.3975e-05
5000,1.5103,0,80,37.5,0.28191,-0,0.0011272
5000,1.4841,0,90,37.5,0.28202,-0,-0.0061483
5000,1.5109,7.7841,16.119,37.5,0.25375,-0.011569,0.00050071
5000,1.5099,9.7422,35.009,37.5,0.28618,-0.0012291,0.00024421
5000,1.5096,9.8045,54.982,37.5,0.28706,-0.0062225,0.00010658
5000,1.512,9.4679,75.855,37.5,0.29227,-0.029127,0.00063146
5000,1.5122,12.319,88.474,37.5,0.33694,-0.14587,0.00077073
5000,1.5086,38.483,88.255,37.5,0.28064,-0.018827,6.0279e-05
5000,1.5083,65.353,85.208,37.5,0.30163,-0.0078589,-8.0524e-06
5000,1.508,96.144,84.741,37.5,0.29786,-0.002837,-7.9862e-05
5000,1.5074,129.66,83.415,37.5,0.31005,-0.0018132,-4.2693e-05
5000,1.5068,166.76,81.258,37.5,0.32577,-0.0041297,8.3611e-06
5000,1.5058,206.85,78.374,37.5,0.34796,-0.0032777,5.3884e-06
5000,1.505,251.55,78.734,37.5,0.34497,0.00078202,-6.3525e-06
5000,1.5046,296.2,80.2,37.5,0.33404,1.035e-05,-1.8579e-05
5000,1.5035,345.5,76.054,37.5,0.36026,-2.2005e-05,-1.0844e-06
5000,1.5024,400.62,72.887,37.5,0.37994,0.00051421,2.1695e-05
5000,1.5006,457.08,72.229,37.5,0.38903,-0.00027182,-5.1663e-06
5000,1.4997,481.99,78.147,37.5,0.36044,0.026653,5.1208e-06
5000,1.5014,479.85,51.621,37.5,0.37856,0.016903,3.8501e-05
5000,1.5022,463.18,16.316,37.5,0.32757,0.016173,-2.2752e-05
5000,1.5023,433.39,14.708,37.5,0.33447,0.013368,-6.0865e-05
5000,1.5025,404.43,13.94,37.5,0.34113,-0.0007504,5.4891e-05
5000,1.5026,376.06,15.14,37.5,0.35487,-0.0033767,1.7628e-05
5000,1.5037,349.03,13.591,37.5,0.34548,0.014495,-6.1116e-05
5000,1.5042,321.18,12.077,37.5,0.33659,-0.0062006,7.8893e-05
5000,1.5045,294.98,12.977,37.5,0.34532,0.00052512,3.7547e-05
5000,1.505,268.96,12.115,37.5,0.33978,0.00589,-4.5315e-05
5000,1.5054,243.74,12.463,37.5,0.34908,0.0021444,-6.5408e-07
5000,1.5059,218.32,11.567,37.5,0.34016,-0.004998,1.8035e-05
5000,1.5061,194.09,12.794,37.5,0.3547,0.0010183,2.2523e-05
5000,1.5067,168.99,12.829,37.5,0.35422,0.0029004,4.5014e-05
5000,1.5075,145.45,11.151,37.5,0.34103,0.008757,-4.4935e-05
5000,1.5077,122.79,10.843,37.5,0.34691,-0.0020332,-1.7476e-05
5000,1.508,99.954,11.275,37.5,0.35699,0.00012896,-9.7417e-05
5000,1.5083,77.745,11.382,37.5,0.36541,0.0056912,-0.00012574
5000,1.509,55.839,10.681,37.5,0.36897,0.0043756,0.00017764
5000,1.509,34.774,9.9976,37.5,0.36931,0.016691,0.00010386
5000,1.5134,13.274,8.3322,37.5,0.38356,0.091671,0.00048116
5000,1.4997,480.72,23.911,37.5,0.38295,0.03396,-8.8891e-05
5000,1.5083,8.9936,25.039,37.5,0.30066,0.015617,-0.00053686
5000,1.5099,10.061,44.762,37.5,0.29117,-0.004795,0.00025871
5000,1.5103,9.0588,65.101,37.5,0.29166,-0.014301,0.00027345
5000,1.507,25.891,89.893,37.5,0.21658,0.0213,0.00025844
5000,1.5081,50.829,85.819,37.5,0.30481,-0.009408,-8.2452e-05
5000,1.5077,80.554,84.928,37.5,0.29818,-0.0027263,-0.00015131
5000,1.5075,112.74,84.147,37.5,0.30327,-0.0031361,-0.00010626
5000,1.5072,148.11,82.655,37.5,0.31522,-0.0048675,-6.2268e-06
5000,1.5065,186.56,79.939,37.5,0.33536,-0.0055828,1.8896e-05
5000,1.5057,229.12,78.491,37.5,0.34545,0.00025592,2.5428e-05
5000,1.505,274.06,79.594,37.5,0.33851,0.0025942,1.0533e-05
5000,1.5043,320.58,78.175,37.5,0.34544,-0.0098727,-1.3218e-05
5000,1.5029,372.88,75.497,37.5,0.35815,-0.0080387,-8.086e-06
5000,1.5011,427.23,74.649,37.5,0.36297,-0.00044571,-3.6825e-05
5000,1.5023,391.03,14.647,37.5,0.35174,-0.00098458,-3.6153e-06
5000,1.5025,447.86,16.728,37.5,0.35032,0.0027937,8.764e-05
5000,1.5029,418.91,13.532,37.5,0.33226,0.0013324,0.00010105
5000,1.5032,362.34,15.699,37.5,0.36366,0.0059053,1.3092e-05
5000,1.5043,334.86,11.382,37.5,0.32561,0.0028819,1.9307e-05
5000,1.5042,308.33,13.136,37.5,0.34858,-0.0003392,2.5625e-05
5000,1.5048,281.96,13.134,37.5,0.34991,0.0027385,7.1941e-06
5000,1.5053,256.5,11.905,37.5,0.3395,-0.003149,2.9831e-05
5000,1.5057,231.09,11.555,37.5,0.33908,0.0046825,-4.3492e-05
5000,1.506,206.01,12.655,37.5,0.35439,-0.00218,5.2891e-05
5000,1.5064,181.3,12.841,37.5,0.35451,-0.00013175,5.363e-05
5000,1.5072,157.02,12.235,37.5,0.34797,0.0061679,3.0322e-05
5000,1.5077,133.89,10.417,37.5,0.3387,0.00087652,-1.7999e-05
5000,1.5078,111.58,11.177,37.5,0.35357,0.00092021,-8.7143e-05
5000,1.5083,89.059,11.483,37.5,0.36223,0.0018906,-4.6095e-05
5000,1.5086,66.417,10.793,37.5,0.36413,0.005536,-5.8659e-05
5000,1.5088,45.099,10.696,37.5,0.37468,0.0070021,0.00012728
5000,1.5096,24.116,9.405,37.5,0.35944,-0.0059674,0.00058492
5000,1.5103,20.988,49.942,37.5,0.30208,-0.007737,0.00050387
5000,1.5115,18.997,28.665,37.5,0.30958,0.0011717,0.0011545
5000,1.5082,88.322,69.604,37.5,0.35731,-0.0037976,-0.00018902
5000,1.5094,17.373,70.087,37.5,0.3196,-0.036345,-0.0002307
5000,1.5087,20.476,79.486,37.5,0.40312,-0.076112,-0.00043079
5000,1.501,458.8,38.255,37.5,0.36703,0.021908,5.7814e-06
5000,1.5078,121.78,66.234,37.5,0.34834,-0.0030455,-8.4001e-05
5000,1.5079,105.09,68.205,37.5,0.35085,-0.0032601,-0.00016324
5000,1.5087,72.41,68.868,37.5,0.36242,-0.0072526,-6.9447e-05
5000,1.5065,176.71,61.568,37.5,0.34884,-0.0044898,9.6269e-06
5000,1.5059,218.1,58.418,37.5,0.3489,-0.0022277,9.8221e-06
5000,1.5067,157.9,62.693,37.5,0.3471,-0.0034012,-3.2405e-05
5000,1.5051,265.43,59.326,37.5,0.34808,0.0011643,-1.3147e-06
5000,1.5061,197,56.819,37.5,0.34838,-0.0032782,5.0239e-06
5000,1.5019,386.9,49.202,37.5,0.35733,-0.00044944,-4.7951e-05
5000,1.5052,242.5,56.609,37.5,0.34868,0.00028757,-2.9638e-05
5000,1.5032,368.89,32.744,37.5,0.36006,0.0015618,2.4158e-05
5000,1.5037,359.5,53.138,37.5,0.35732,-0.0040171,4.1896e-05
5000,1.5027,398.84,31.108,37.5,0.35793,0.0029268,5.7536e-05
5000,1.5091,17.05,18.135,37.5,0.30174,0.038081,-0.00038475
5000,1.5027,384.04,29.09,37.5,0.36018,0.0039286,1.2294e-05
5000,1.5052,250.54,25.083,37.5,0.34176,0.0017418,-3.5804e-05
5000,1.5047,274.32,26.988,37.5,0.3431,0.0031924,-1.8684e-05
5000,1.5035,340.35,23.806,37.5,0.34433,0.0058411,-5.5255e-05
5000,1.5049,262.2,23.361,37.5,0.34307,0.0024395,-3.5484e-05
5000,1.5046,288.38,27.761,37.5,0.3446,0.0024059,1.9332e-06
5000,1.5065,174.96,27.883,37.5,0.33535,0.0016919,4.7538e-06
5000,1.5074,128.7,22.41,37.5,0.32687,0.0019405,-9.6602e-05
5000,1.5067,161.21,27.819,37.5,0.33307,0.0032951,-9.9034e-06
5000,1.5063,188.23,27.073,37.5,0.33771,0.00065342,3.0142e-05
5000,1.507,138.68,20.694,37.5,0.32859,0.0056351,-0.00016064
5000,1.5069,148.93,25.107,37.5,0.33099,0.0044449,-3.2021e-05
5000,1.5078,94.478,23.671,37.5,0.32692,0.001843,-0.00025802
5000,1.5031,351.58,33.858,37.5,0.34857,0.0033603,-3.3365e-05
5000,1.5084,71.506,23.015,37.5,0.32627,0.0036799,-0.00014725
5000,1.5077,105.87,23.075,37.5,0.32581,0.0012297,-0.00018799
5000,1.5083,49.015,22.945,37.5,0.32757,0.0057351,-0.00018697
5000,1.508,82.931,23.839,37.5,0.32672,0.0025909,-0.00023921
5000,1.5084,60.391,22.7,37.5,0.32727,0.004178,-0.00010998
5000,1.5082,20.407,39.231,37.5,0.29993,0.0062589,-0.00046611
5000,1.5092,19.577,60.907,37.5,0.30486,-0.01366,-8.2127e-06
5000,1.5073,139.49,64.219,37.5,0.34595,-0.0042573,-3.5259e-05
5000,1.5083,56.45,68.679,37.5,0.36651,-0.012093,-7.0055e-05
5000,1.5098,41.3,71.571,37.5,0.3607,-0.015398,0.00027493
5000,1.5028,415.61,46.533,37.5,0.36252,0.00051057,4.3597e-05
5000,1.5073,31.204,80.004,37.5,0.38542,-0.013343,-0.00074559
5000,1.5044,287.15,61.307,37.5,0.34683,0.0002635,-4.4621e-05
5000,1.5016,439.14,54.037,37.5,0.37306,0.0044734,3.5897e-05
5000,1.5054,237.43,24.868,37.5,0.3408,0.0016604,-1.556e-05
5000,1.5035,328.28,22.815,37.5,0.34218,-0.00018812,-0.00017606
5000,1.5017,424.63,27.299,37.5,0.36063,0.0086965,-1.3781e-05
5000,1.5014,411.69,26.575,37.5,0.35736,0.0024288,-0.00023922
5000,1.504,301.78,25.46,37.5,0.34595,-0.00051697,-9.1268e-05
5000,1.5008,438.01,33.611,37.5,0.3646,0.014032,-0.00011432
5000,1.5041,315.91,30.328,37.5,0.34494,0.00037345,-6.3239e-06
5000,1.5076,117.64,22.718,37.5,0.32599,0.0011614,-0.00014402
5000,1.5059,213.4,26.249,37.5,0.33957,-0.00012604,-8.4259e-06
5000,1.5096,38.625,21.9,37.5,0.31996,0.0081128,0.00045025
5000,1.5077,27.591,20.289,37.5,0.32664,0.01261,-0.0004815
5000,1.506,200.77,26.276,37.5,0.33896,-0.00051785,-2.4079e-05
5000,1.5034,328.91,53.439,37.5,0.34972,-0.0027714,-2.9765e-05
5000,1.5072,130.73,49.28,37.5,0.32564,-0.00080657,-9.6976e-05
5000,1.5101,27.626,69.301,37.5,0.33764,-0.026031,0.00052417
5000,1.5063,182.77,43.154,37.5,0.33478,-0.0012294,-6.4504e-06
5000,1.5076,123.74,35.631,37.5,0.32636,0.0008702,-6.8959e-05
5000,1.5043,307.36,62.543,37.5,0.34792,-0.0040074,1.3032e-06
5000,1.5088,41.84,35.036,37.5,0.32661,0.0005135,6.067e-05
5000,1.5056,225.2,22.984,37.5,0.34106,0.00072775,-3.1269e-05
5000,1.5046,280.03,42.908,37.5,0.3433,0.00051243,-2.1718e-05
5000,1.508,80.153,53.337,37.5,0.33037,-0.0039211,-0.00021557
5000,1.5078,112.45,34.004,37.5,0.32711,-0.00078262,-0.00010866
5000,1.5076,136.96,33.343,37.5,0.32817,-0.00079803,2.4893e-05
5000,1.509,30.288,32.267,37.5,0.31735,0.00096182,0.00010384
5000,1.5056,226.13,39.673,37.5,0.34036,-0.00092887,-9.7344e-06
5000,1.5069,166.55,44.821,37.5,0.33088,-0.0012386,2.969e-05
5000,1.5084,64.083,50.099,37.5,0.32486,-0.0026156,-8.6664e-05
5000,1.5084,75.527,37.413,37.5,0.32789,-0.0012813,-0.00011282
5000,1.5085,46.085,51.867,37.5,0.32717,-0.0092561,7.4108e-05
5000,1.5093,53.979,36.491,37.5,0.32592,-0.0012048,0.00016942
5000,1.5046,300.64,43.361,37.5,0.34582,-0.00032652,2.2859e-05
5000,1.5072,149.54,44.133,37.5,0.32796,-0.00028584,-7.1017e-06
5000,1.5054,243.73,37.866,37.5,0.33977,0.0012726,1.4865e-05
5000,1.506,208.94,41.331,37.5,0.33764,-0.0014574,2.8506e-06
5000,1.5051,260.67,39.358,37.5,0.34162,-0.00030606,-3.1006e-06
5000,1.5063,195.66,39.197,37.5,0.33598,-0.00054352,4.2032e-05
5000,1.5042,332.57,35.372,37.5,0.35003,0.0017002,0.00014448
5000,1.5084,64.983,34.145,37.5,0.33144,-0.0026485,-0.00016103
5000,1.508,101.19,37.251,37.5,0.32723,0.00041775,-0.00015481
5000,1.5083,31.961,57.63,37.5,0.32262,-0.020542,-0.000109
5000,1.5083,88.451,38.254,37.5,0.32721,-0.00060594,-0.00014517
5000,1.5078,96.023,52.89,37.5,0.32831,-0.0026038,-0.00021123
5000,1.5097,32.12,44.325,37.5,0.312,0.00053157,0.00037581
5000,1.5076,113.63,49.373,37.5,0.3266,-0.002054,-0.00014814
5000,2.0699,0,100,50,0.29494,-0,0.0067286
5000,2,500,100,50,-0.017357,0.017244,0.0012673
5000,2.0187,10,100,50,0,0,-0.0025513
5000,1.9946,20.833,100,50,0,0,-0.0022362
5000,2.0154,32.5,100,50,0,0,0.00078607
5000,2.0111,45,100,50,0,0,-0.00013101
5000,2.0116,58.333,100,50,0,0,5.8045e-05
5000,2.0111,72.5,100,50,0,0,9.0339e-06
5000,2.0111,87.5,100,50,0,0,2.8062e-05
5000,2.0106,103.33,100,50,0,0,-4.2274e-06
5000,2.0105,120,100,50,0,0,1.9669e-05
5000,2.0096,137.5,100,50,0,0,-2.0206e-05
5000,2.0095,155.83,100,50,0,0,1.374e-06
5000,2.0083,175,100,50,0,0,-3.1799e-05
5000,2.0087,195,100,50,0,0,1.4612e-05
5000,2.007,215.83,100,50,0,0,-2.5742e-05
5000,2.0075,237.5,100,50,0,0,7.1954e-06
5000,2.0065,260,100,50,0,0,-1.1763e-05
5000,2.0062,283.33,100,50,0,0,-8.8444e-06
5000,2.0058,307.5,100,50,0,0,-1.2132e-05
5000,2.0052,332.5,100,50,0,0,-3.0903e-06
5000,2.0033,358.33,100,50,0,0,-2.9051e-05
5000,2.005,385,100,50,0,0,3.1046e-05
5000,2.0006,412.5,100,50,0,0,-4.7342e-05
5000,2.005,440.83,100,50,0,0,7.0008e-05
5000,1.999,470,100,50,0,0,-4.0267e-05
5000,2,500,0,50,-0.029505,-0.010996,-0.0019229
5000,2,500,80,50,0.36131,0.026359,4.9116e-05
5000,2,500,60,50,0.39322,0.029631,-0.00094029
5000,2,500,40,50,0.39802,0.015716,0.0011594
5000,2,500,20,50,0.3436,0.030053,-0.00022207
5000,2.0261,0,0,50,0.29512,-0,0.00071579
5000,1.9991,485,0,50,0,0,-0.00020801
5000,2.0066,470.13,0,50,0,0,0.00025195
5000,1.9977,455.38,0,50,0,0,-0.00033389
5000,2.0025,440.77,0,50,0,0,2.9385e-05
5000,2.0019,426.28,0,50,0,0,-0.00010862
5000,2.0027,411.92,0,50,0,0,-4.3099e-05
5000,2.0029,397.69,0,50,0,0,-3.4428e-05
5000,2.0046,383.59,0,50,0,0,0.00010177
5000,2.0024,369.62,0,50,0,0,-9.0383e-05
5000,2.0041,355.77,0,50,0,0,-3.4105e-05
5000,2.0055,342.05,0,50,0,0,-1.9718e-06
5000,2.0049,328.46,0,50,0,0,-5.3954e-05
5000,2.0044,315,0,50,0,0,-9.6583e-05
5000,2.0062,301.67,0,50,0,0,5.8062e-05
5000,2.0049,288.46,0,50,0,0,-0.00010874
5000,2.0068,275.38,0,50,0,0,2.9438e-05
5000,2.007,262.44,0,50,0,0,1.3373e-05
5000,2.006,249.62,0,50,0,0,-0.00010266
5000,2.0078,236.92,0,50,0,0,2.8217e-05
5000,2.008,224.36,0,50,0,0,2.3356e-05
5000,2.0072,211.92,0,50,0,0,-7.113e-05
5000,2.0082,199.62,0,50,0,0,1.3735e-05
5000,2.0084,187.44,0,50,0,0,1.453e-06
5000,2.0084,175.38,0,50,0,0,-1.7891e-05
5000,2.0085,163.46,0,50,0,0,-5.4449e-05
5000,2.009,151.67,0,50,0,0,-7.7709e-05
5000,2.0102,140,0,50,0,0,1.3182e-05
5000,2.0095,128.46,0,50,0,0,-9.2241e-05
5000,2.0101,117.05,0,50,0,0,-2.2616e-05
5000,2.0104,105.77,0,50,0,0,-1.334e-05
5000,2.0102,94.615,0,50,0,0,-5.7794e-05
5000,2.0103,83.59,0,50,0,0,-7.593e-05
5000,2.0116,72.692,0,50,0,0,4.2883e-05
5000,2.011,61.923,0,50,0,0,-6.679e-05
5000,2.0111,51.282,0,50,0,0,-3.7207e-05
5000,2.0111,40.769,0,50,0,0,-0.00016404
5000,2.0147,30.385,0,50,0,0,0.00084327
5000,1.9953,20.128,0,50,0,0,-0.003201
5000,2.0252,10,0,50,0,0,0.00142
5000,2.0059,0,10,50,0.29521,-0,-0.0016456
5000,2.0173,0,20,50,0.29516,-0,0.00082054
5000,2.0132,0,30,50,0.29517,-0,1.542e-05
5000,2.0139,0,40,50,0.29517,-0,0.00014701
5000,2.0125,0,50,50,0.29518,-0,-8.6747e-05
5000,2.0146,0,60,50,0.29517,-0,0.00024894
5000,2.0122,0,70,50,0.29518,-0,-0.00031502
5000,2.0138,0,80,50,0.29517,-0,0.0012505
5000,1.9787,0,90,50,0.29532,-0,-0.0077482
5000,2.0145,7.7841,16.119,50,0.26816,-0.011184,0.00053565
5000,2.0132,9.7422,35.009,50,0.29959,-0.001188,0.00017597
5000,2.0129,9.8045,54.982,50,0.30043,-0.0060427,-5.0867e-05
5000,2.016,9.4679,75.855,50,0.30539,-0.028225,0.00070811
5000,2.0162,12.319,88.474,50,0.34861,-0.14256,0.0011684
5000,2.0114,38.483,88.255,50,0.29375,-0.01931,8.115e-05
5000,2.011,65.353,85.208,50,0.32188,-0.010087,1.5216e-05
5000,2.0107,96.144,84.741,50,0.31319,-0.0043999,-7.8098e-06
5000,2.0099,129.66,83.415,50,0.32036,-0.0022928,-2.0187e-05
5000,2.0091,166.76,81.258,50,0.33503,-0.0043068,-1.7389e-06
5000,2.0077,206.85,78.374,50,0.35845,-0.0034702,-2.2337e-05
5000,2.0067,251.55,78.734,50,0.35653,0.00057284,-1.9431e-05
5000,2.0061,296.2,80.2,50,0.34543,2.5382e-05,-1.4108e-06
5000,2.0046,345.5,76.054,50,0.37137,-0.0001763,-9.9611e-06
5000,2.0032,400.62,72.887,50,0.39185,0.00026081,7.9065e-06
5000,2.0008,457.08,72.229,50,0.40131,-0.00035121,-2.8512e-05
5000,1.9996,481.99,78.147,50,0.3723,0.025984,-3.362e-05
5000,2.0018,479.85,51.621,50,0.39051,0.016748,6.6618e-05
5000,2.0029,463.18,16.316,50,0.33939,0.015959,6.353e-05
5000,2.003,433.39,14.708,50,0.3463,0.013072,1.0694e-05
5000,2.0033,404.43,13.94,50,0.35249,-0.0005531,4.2617e-05
5000,2.0034,376.06,15.14,50,0.36529,-0.0030513,-2.9199e-05
5000,2.005,349.03,13.591,50,0.35621,0.0141,8.5869e-06
5000,2.0056,321.18,12.077,50,0.34735,-0.0059458,7.1039e-05
5000,2.006,294.98,12.977,50,0.35614,0.00061696,3.2233e-05
5000,2.0066,268.96,12.115,50,0.35069,0.0057523,-2.1535e-05
5000,2.0073,243.74,12.463,50,0.36015,0.0021112,1.3718e-05
5000,2.0078,218.32,11.567,50,0.35115,-0.0047269,1.0303e-05
5000,2.0082,194.09,12.794,50,0.36481,0.0011953,-1.8905e-05
5000,2.0089,168.99,12.829,50,0.36316,0.0029956,5.9458e-06
5000,2.01,145.45,11.151,50,0.35071,0.0086606,3.4559e-05
5000,2.0103,122.79,10.843,50,0.35924,-0.0016435,2.266e-05
5000,2.0107,99.954,11.275,50,0.37552,0.00086141,-3.1414e-06
5000,2.0111,77.745,11.382,50,0.38989,0.0068895,-2.7253e-05
5000,2.012,55.839,10.681,50,0.3866,0.0056048,0.0001341
5000,2.012,34.774,9.9976,50,0.37993,0.016619,-2.1775e-05
5000,2.0179,13.274,8.3322,50,0.39403,0.0901,0.00099415
5000,1.9997,480.72,23.911,50,0.39407,0.033628,-9.9396e-05
5000,2.0111,8.9936,25.039,50,0.31357,0.015105,-0.00084282
5000,2.0132,10.061,44.762,50,0.30446,-0.0046427,0.00017549
5000,2.0137,9.0588,65.101,50,0.3048,-0.013851,0.0001455
5000,2.0093,25.891,89.893,50,0.2296,0.01873,9.5497e-05
5000,2.0108,50.829,85.819,50,0.3202,-0.010812,-0.00011213
5000,2.0102,80.554,84.928,50,0.31828,-0.0051636,-0.00011398
5000,2.0099,112.74,84.147,50,0.31537,-0.0039115,-6.8767e-05
5000,2.0096,148.11,82.655,50,0.32469,-0.0050837,-2.2079e-06
5000,2.0086,186.56,79.939,50,0.3451,-0.0056999,2.7165e-06
5000,2.0076,229.12,78.491,50,0.3566,-4.5068e-05,8.7679e-06
5000,2.0066,274.06,79.594,50,0.35,0.0024775,6.4407e-06
5000,2.0057,320.58,78.175,50,0.35648,-0.0096509,2.3653e-06
5000,2.0038,372.88,75.497,50,0.36984,-0.0080194,-1.6698e-05
5000,2.0015,427.23,74.649,50,0.37565,-0.00060739,-5.0172e-05
5000,2.0031,391.03,14.647,50,0.36271,-0.00071203,-4.8308e-05
5000,2.0033,447.86,16.728,50,0.36159,0.0029308,0.00012577
5000,2.0039,418.91,13.532,50,0.34413,0.0014009,0.00016216
5000,2.0042,362.34,15.699,50,0.37394,0.0058382,1.0254e-05
5000,2.0057,334.86,11.382,50,0.33663,0.0028096,9.4742e-05
5000,2.0056,308.33,13.136,50,0.35945,-0.00022417,1.0383e-05
5000,2.0064,281.96,13.134,50,0.36063,0.0027127,1.7581e-05
5000,2.007,256.5,11.905,50,0.35052,-0.003012,3.6647e-05
5000,2.0076,231.09,11.555,50,0.35037,0.0045871,-1.9605e-05
5000,2.0081,206.01,12.655,50,0.36518,-0.0019293,2.4127e-05
5000,2.0086,181.3,12.841,50,0.36405,9.0865e-05,6.5415e-06
5000,2.0095,157.02,12.235,50,0.35696,0.006144,4.7805e-05
5000,2.0103,133.89,10.417,50,0.34969,0.0010838,6.2415e-05
5000,2.0104,111.58,11.177,50,0.36825,0.0013914,-2.1543e-05
5000,2.011,89.059,11.483,50,0.38478,0.0031877,4.8716e-05
5000,2.0114,66.417,10.793,50,0.38864,0.0070189,-1.1114e-05
5000,2.0117,45.099,10.696,50,0.3886,0.007358,-2.5054e-05
5000,2.0128,24.116,9.405,50,0.37044,-0.0053725,0.00064508
5000,2.0137,20.988,49.942,50,0.31492,-0.0074882,0.00049162
5000,2.0154,18.997,28.665,50,0.32192,0.001081,0.0012601
5000,2.0109,88.322,69.604,50,0.38016,-0.004647,-1.262e-05
5000,2.0126,17.373,70.087,50,0.33213,-0.035162,-0.00032025
5000,2.0117,20.476,79.486,50,0.41293,-0.073206,-0.00024626
5000,2.0014,458.8,38.255,50,0.37854,0.021471,-2.3889e-05
5000,2.0104,121.78,66.234,50,0.36129,-0.0034214,8.9803e-06
5000,2.0106,105.09,68.205,50,0.36846,-0.0038764,-2.5831e-05
5000,2.0116,72.41,68.868,50,0.38622,-0.0075096,6.8197e-05
5000,2.0087,176.71,61.568,50,0.35837,-0.0045907,-1.0162e-05
5000,2.0078,218.1,58.418,50,0.35954,-0.0023645,3.5869e-06
5000,2.009,157.9,62.693,50,0.3567,-0.0035654,-4.3535e-05
5000,2.0068,265.43,59.326,50,0.35904,0.001027,1.0526e-05
5000,2.0081,197,56.819,50,0.35817,-0.0033869,-1.9921e-05
5000,2.0025,386.9,49.202,50,0.36838,-0.00054622,-7.6148e-05
5000,2.0069,242.5,56.609,50,0.35957,0.00010654,-3.2672e-05
5000,2.0042,368.89,32.744,50,0.37069,0.001595,2.0883e-05
5000,2.0049,359.5,53.138,50,0.36805,-0.0039959,3.9218e-05
5000,2.0036,398.84,31.108,50,0.36929,0.0029602,7.9504e-05
5000,2.0121,17.05,18.135,50,0.31444,0.036727,-0.00048808
5000,2.0036,384.04,29.09,50,0.37119,0.003929,1.0159e-05
5000,2.0069,250.54,25.083,50,0.35254,0.0017345,-3.5129e-05
5000,2.0063,274.32,26.988,50,0.35375,0.0031439,-3.2018e-05
5000,2.0046,340.35,23.806,50,0.35506,0.0056889,-9.3195e-05
5000,2.0066,262.2,23.361,50,0.35378,0.0024153,-4.2862e-05
5000,2.0061,288.38,27.761,50,0.35515,0.0024002,1.7834e-06
5000,2.0086,174.96,27.883,50,0.34436,0.0017514,-2.6279e-05
5000,2.0098,128.7,22.41,50,0.33704,0.0020374,-5.5198e-05
5000,2.0089,161.21,27.819,50,0.34194,0.0032809,-4.4583e-05
5000,2.0084,188.23,27.073,50,0.34719,0.00076267,9.2816e-06
5000,2.0094,138.68,20.694,50,0.33827,0.0055998,-0.00017563
5000,2.0092,148.93,25.107,50,0.3402,0.0043939,-5.2463e-05
5000,2.0104,94.478,23.671,50,0.34582,0.0020269,-0.00010838
5000,2.0042,351.58,33.858,50,0.35927,0.0033114,-6.6945e-05
5000,2.0112,71.506,23.015,50,0.35142,0.0036564,4.6696e-06
5000,2.0103,105.87,23.075,50,0.3407,0.0014283,-6.5609e-05
5000,2.0111,49.015,22.945,50,0.34512,0.0051967,-0.00024829
5000,2.0107,82.931,23.839,50,0.34915,0.0026806,-9.5786e-05
5000,2.0112,60.391,22.7,50,0.35019,0.0039264,-5.8699e-05
5000,2.011,20.407,39.231,50,0.31275,0.0060515,-0.00069717
5000,2.0123,19.577,60.907,50,0.31772,-0.013021,-0.0001299
5000,2.0097,139.49,64.219,50,0.35668,-0.0044596,-1.4278e-05
5000,2.0111,56.45,68.679,50,0.38745,-0.011373,-7.4812e-05
5000,2.013,41.3,71.571,50,0.37213,-0.013938,0.00026152
5000,2.0037,415.61,46.533,50,0.37379,0.00045346,5.7212e-05
5000,2.0097,31.204,80.004,50,0.39503,-0.011679,-0.00066596
5000,2.0058,287.15,61.307,50,0.35774,0.00019577,-4.8942e-05
5000,2.0021,439.14,54.037,50,0.3844,0.0043184,2.5519e-05
5000,2.0072,237.43,24.868,50,0.35162,0.0016591,-2.455e-05
5000,2.0046,328.28,22.815,50,0.35296,-0.00012874,-0.00021242
5000,2.0023,424.63,27.299,50,0.37215,0.0085618,-1.7578e-05
5000,2.0019,411.69,26.575,50,0.3689,0.0024871,-0.00028415
5000,2.0053,301.78,25.46,50,0.35652,-0.00039554,-0.00011929
5000,2.001,438.01,33.611,50,0.37598,0.01372,-0.00015055
5000,2.0054,315.91,30.328,50,0.35559,0.00044252,-3.2475e-06
5000,2.0101,117.64,22.718,50,0.33777,0.0013096,-6.6452e-05
5000,2.0079,213.4,26.249,50,0.35005,-6.424e-06,-7.3648e-07
5000,2.0128,38.625,21.9,50,0.3344,0.0074503,0.00040535
5000,2.0102,27.591,20.289,50,0.33916,0.011884,-0.00071215
5000,2.008,200.77,26.276,50,0.349,-0.00037938,-4.9279e-05
5000,2.0046,328.91,53.439,50,0.36032,-0.0027446,-5.3051e-05
5000,2.0096,130.73,49.28,50,0.33566,-0.00092632,-7.0693e-05
5000,2.0135,27.626,69.301,50,0.34945,-0.024604,0.00061836
5000,2.0085,182.77,43.154,50,0.34388,-0.0012359,-3.1431e-05
5000,2.0102,123.74,35.631,50,0.33713,0.00083264,-3.9737e-06
5000,2.0057,307.36,62.543,50,0.35869,-0.0039028,-5.3265e-06
5000,2.0118,41.84,35.036,50,0.34169,0.0004709,-0.00010079
5000,2.0075,225.2,22.984,50,0.35179,0.00079301,-3.425e-05
5000,2.0062,280.03,42.908,50,0.35403,0.00048575,-2.1562e-05
5000,2.0107,80.153,53.337,50,0.35371,-0.0040275,-8.3096e-05
5000,2.0104,112.45,34.004,50,0.34036,-0.00076629,-3.1018e-06
5000,2.0101,136.96,33.343,50,0.33798,-0.00076824,6.1372e-05
5000,2.0121,30.288,32.267,50,0.33051,0.00087627,-3.1482e-05
5000,2.0075,226.13,39.673,50,0.35067,-0.00093278,-1.3207e-05
5000,2.0092,166.55,44.821,50,0.3399,-0.0012521,2.7342e-05
5000,2.0112,64.083,50.099,50,0.34935,-0.0025695,-2.6255e-05
5000,2.0112,75.527,37.413,50,0.35186,-0.0012157,8.567e-06
5000,2.0113,46.085,51.867,50,0.34444,-0.0086495,-4.723e-05
5000,2.0123,53.979,36.491,50,0.34676,-0.0011168,0.00018565
5000,2.0062,300.64,43.361,50,0.35644,-0.00030889,2.7745e-05
5000,2.0095,149.54,44.133,50,0.33724,-0.0003255,-3.5008e-06
5000,2.0072,243.73,37.866,50,0.35039,0.001206,2.0584e-05
5000,2.008,208.94,41.331,50,0.34746,-0.0014562,-6.5638e-06
5000,2.0069,260.67,39.358,50,0.35234,-0.00031924,2.2447e-06
5000,2.0084,195.66,39.197,50,0.34545,-0.00053154,2.7737e-05
5000,2.0056,332.57,35.372,50,0.36059,0.0017066,0.00017461
5000,2.0112,64.983,34.145,50,0.35515,-0.0024398,-0.00011133
5000,2.0107,101.19,37.251,50,0.34354,0.00036,-1.886e-05
5000,2.0111,31.961,57.63,50,0.33484,-0.019494,-0.00031953
5000,2.0111,88.451,38.254,50,0.34826,-0.00062566,1.5584e-05
5000,2.0104,96.023,52.89,50,0.34737,-0.002822,-7.6964e-05
5000,2.0129,32.12,44.325,50,0.32503,0.00050111,0.00026599
5000,2.0102,113.63,49.373,50,0.33959,-0.0021828,-5.1567e-05
